kind,manifest_file,project_name,name,specifier,group,line
pyproject.toml,languages/python/project/langchain/libs/core/pyproject.toml,langchain-core,langsmith,"langsmith>=0.3.45,<1.0.0",project,0
pyproject.toml,languages/python/project/langchain/libs/core/pyproject.toml,langchain-core,tenacity,"tenacity!=8.4.0,>=8.1.0,<10.0.0",project,0
pyproject.toml,languages/python/project/langchain/libs/core/pyproject.toml,langchain-core,jsonpatch,"jsonpatch>=1.33.0,<2.0.0",project,0
pyproject.toml,languages/python/project/langchain/libs/core/pyproject.toml,langchain-core,pyyaml,"PyYAML>=5.3.0,<7.0.0",project,0
pyproject.toml,languages/python/project/langchain/libs/core/pyproject.toml,langchain-core,typing-extensions,"typing-extensions>=4.7.0,<5.0.0",project,0
pyproject.toml,languages/python/project/langchain/libs/core/pyproject.toml,langchain-core,packaging,packaging>=23.2.0,project,0
pyproject.toml,languages/python/project/langchain/libs/core/pyproject.toml,langchain-core,pydantic,"pydantic>=2.7.4,<3.0.0",project,0
pyproject.toml,languages/python/project/langchain/libs/core/pyproject.toml,langchain-core,uuid-utils,"uuid-utils>=0.12.0,<1.0",project,0
pyproject.toml,languages/python/project/langchain/libs/core/pyproject.toml,langchain-core,ruff,"ruff>=0.14.11,<0.16.0",group:lint,0
pyproject.toml,languages/python/project/langchain/libs/core/pyproject.toml,langchain-core,mypy,"mypy>=1.19.1,<1.20.0",group:typing,0
pyproject.toml,languages/python/project/langchain/libs/core/pyproject.toml,langchain-core,types-pyyaml,"types-pyyaml>=6.0.12.2,<7.0.0.0",group:typing,0
pyproject.toml,languages/python/project/langchain/libs/core/pyproject.toml,langchain-core,types-requests,"types-requests>=2.28.11.5,<3.0.0.0",group:typing,0
pyproject.toml,languages/python/project/langchain/libs/core/pyproject.toml,langchain-core,langchain-text-splitters,langchain-text-splitters,group:typing,0
pyproject.toml,languages/python/project/langchain/libs/core/pyproject.toml,langchain-core,jupyter,"jupyter>=1.0.0,<2.0.0",group:dev,0
pyproject.toml,languages/python/project/langchain/libs/core/pyproject.toml,langchain-core,setuptools,"setuptools>=67.6.1,<83.0.0",group:dev,0
pyproject.toml,languages/python/project/langchain/libs/core/pyproject.toml,langchain-core,grandalf,"grandalf>=0.8.0,<1.0.0",group:dev,0
pyproject.toml,languages/python/project/langchain/libs/core/pyproject.toml,langchain-core,pytest,"pytest>=8.0.0,<10.0.0",group:test,0
pyproject.toml,languages/python/project/langchain/libs/core/pyproject.toml,langchain-core,freezegun,"freezegun>=1.2.2,<2.0.0",group:test,0
pyproject.toml,languages/python/project/langchain/libs/core/pyproject.toml,langchain-core,pytest-mock,"pytest-mock>=3.10.0,<4.0.0",group:test,0
pyproject.toml,languages/python/project/langchain/libs/core/pyproject.toml,langchain-core,syrupy,"syrupy>=4.0.2,<6.0.0",group:test,0
pyproject.toml,languages/python/project/langchain/libs/core/pyproject.toml,langchain-core,pytest-watcher,"pytest-watcher>=0.3.4,<1.0.0",group:test,0
pyproject.toml,languages/python/project/langchain/libs/core/pyproject.toml,langchain-core,pytest-asyncio,"pytest-asyncio>=0.21.1,<2.0.0",group:test,0
pyproject.toml,languages/python/project/langchain/libs/core/pyproject.toml,langchain-core,grandalf,"grandalf>=0.8.0,<1.0.0",group:test,0
pyproject.toml,languages/python/project/langchain/libs/core/pyproject.toml,langchain-core,responses,"responses>=0.25.0,<1.0.0",group:test,0
pyproject.toml,languages/python/project/langchain/libs/core/pyproject.toml,langchain-core,pytest-socket,"pytest-socket>=0.7.0,<1.0.0",group:test,0
pyproject.toml,languages/python/project/langchain/libs/core/pyproject.toml,langchain-core,pytest-xdist,"pytest-xdist<4.0.0,>=3.6.1",group:test,0
pyproject.toml,languages/python/project/langchain/libs/core/pyproject.toml,langchain-core,blockbuster,"blockbuster>=1.5.18,<1.6.0",group:test,0
pyproject.toml,languages/python/project/langchain/libs/core/pyproject.toml,langchain-core,numpy,numpy>=1.26.4; python_version<'3.13',group:test,0
pyproject.toml,languages/python/project/langchain/libs/core/pyproject.toml,langchain-core,numpy,numpy>=2.1.0; python_version>='3.13',group:test,0
pyproject.toml,languages/python/project/langchain/libs/core/pyproject.toml,langchain-core,langchain-tests,langchain-tests,group:test,0
pyproject.toml,languages/python/project/langchain/libs/core/pyproject.toml,langchain-core,pytest-benchmark,pytest-benchmark,group:test,0
pyproject.toml,languages/python/project/langchain/libs/core/pyproject.toml,langchain-core,pytest-codspeed,pytest-codspeed,group:test,0
pyproject.toml,languages/python/project/langchain/libs/langchain/pyproject.toml,langchain-classic,langchain-core,"langchain-core>=1.2.5,<2.0.0",project,0
pyproject.toml,languages/python/project/langchain/libs/langchain/pyproject.toml,langchain-classic,langchain-text-splitters,"langchain-text-splitters>=1.1.0,<2.0.0",project,0
pyproject.toml,languages/python/project/langchain/libs/langchain/pyproject.toml,langchain-classic,langsmith,"langsmith>=0.1.17,<1.0.0",project,0
pyproject.toml,languages/python/project/langchain/libs/langchain/pyproject.toml,langchain-classic,pydantic,"pydantic>=2.7.4,<3.0.0",project,0
pyproject.toml,languages/python/project/langchain/libs/langchain/pyproject.toml,langchain-classic,sqlalchemy,"SQLAlchemy>=1.4.0,<3.0.0",project,0
pyproject.toml,languages/python/project/langchain/libs/langchain/pyproject.toml,langchain-classic,requests,"requests>=2.0.0,<3.0.0",project,0
pyproject.toml,languages/python/project/langchain/libs/langchain/pyproject.toml,langchain-classic,pyyaml,"PyYAML>=5.3.0,<7.0.0",project,0
pyproject.toml,languages/python/project/langchain/libs/langchain/pyproject.toml,langchain-classic,async-timeout,"async-timeout>=4.0.0,<5.0.0; python_version < ""3.11""",project,0
pyproject.toml,languages/python/project/langchain/libs/langchain/pyproject.toml,langchain-classic,langchain-anthropic,langchain-anthropic,optional:anthropic,0
pyproject.toml,languages/python/project/langchain/libs/langchain/pyproject.toml,langchain-classic,langchain-openai,langchain-openai,optional:openai,0
pyproject.toml,languages/python/project/langchain/libs/langchain/pyproject.toml,langchain-classic,langchain-google-vertexai,langchain-google-vertexai,optional:google-vertexai,0
pyproject.toml,languages/python/project/langchain/libs/langchain/pyproject.toml,langchain-classic,langchain-google-genai,langchain-google-genai,optional:google-genai,0
pyproject.toml,languages/python/project/langchain/libs/langchain/pyproject.toml,langchain-classic,langchain-fireworks,langchain-fireworks,optional:fireworks,0
pyproject.toml,languages/python/project/langchain/libs/langchain/pyproject.toml,langchain-classic,langchain-ollama,langchain-ollama,optional:ollama,0
pyproject.toml,languages/python/project/langchain/libs/langchain/pyproject.toml,langchain-classic,langchain-together,langchain-together,optional:together,0
pyproject.toml,languages/python/project/langchain/libs/langchain/pyproject.toml,langchain-classic,langchain-mistralai,langchain-mistralai,optional:mistralai,0
pyproject.toml,languages/python/project/langchain/libs/langchain/pyproject.toml,langchain-classic,langchain-huggingface,langchain-huggingface,optional:huggingface,0
pyproject.toml,languages/python/project/langchain/libs/langchain/pyproject.toml,langchain-classic,langchain-groq,langchain-groq,optional:groq,0
pyproject.toml,languages/python/project/langchain/libs/langchain/pyproject.toml,langchain-classic,langchain-aws,langchain-aws,optional:aws,0
pyproject.toml,languages/python/project/langchain/libs/langchain/pyproject.toml,langchain-classic,langchain-deepseek,langchain-deepseek,optional:deepseek,0
pyproject.toml,languages/python/project/langchain/libs/langchain/pyproject.toml,langchain-classic,langchain-xai,langchain-xai,optional:xai,0
pyproject.toml,languages/python/project/langchain/libs/langchain/pyproject.toml,langchain-classic,langchain-perplexity,langchain-perplexity,optional:perplexity,0
pyproject.toml,languages/python/project/langchain/libs/langchain/pyproject.toml,langchain-classic,pytest,"pytest>=8.0.0,<10.0.0",group:test,0
pyproject.toml,languages/python/project/langchain/libs/langchain/pyproject.toml,langchain-classic,pytest-cov,"pytest-cov>=4.0.0,<8.0.0",group:test,0
pyproject.toml,languages/python/project/langchain/libs/langchain/pyproject.toml,langchain-classic,pytest-dotenv,"pytest-dotenv>=0.5.2,<1.0.0",group:test,0
pyproject.toml,languages/python/project/langchain/libs/langchain/pyproject.toml,langchain-classic,pytest-watcher,"pytest-watcher>=0.2.6,<1.0.0",group:test,0
pyproject.toml,languages/python/project/langchain/libs/langchain/pyproject.toml,langchain-classic,pytest-asyncio,"pytest-asyncio>=0.23.2,<2.0.0",group:test,0
pyproject.toml,languages/python/project/langchain/libs/langchain/pyproject.toml,langchain-classic,pytest-mock,"pytest-mock>=3.10.0,<4.0.0",group:test,0
pyproject.toml,languages/python/project/langchain/libs/langchain/pyproject.toml,langchain-classic,pytest-socket,"pytest-socket>=0.6.0,<1.0.0",group:test,0
pyproject.toml,languages/python/project/langchain/libs/langchain/pyproject.toml,langchain-classic,pytest-xdist,"pytest-xdist<4.0.0,>=3.6.1",group:test,0
pyproject.toml,languages/python/project/langchain/libs/langchain/pyproject.toml,langchain-classic,numpy,numpy>=1.26.4; python_version<'3.13',group:test,0
pyproject.toml,languages/python/project/langchain/libs/langchain/pyproject.toml,langchain-classic,numpy,numpy>=2.1.0; python_version>='3.13',group:test,0
pyproject.toml,languages/python/project/langchain/libs/langchain/pyproject.toml,langchain-classic,cffi,"cffi<1.17.1; python_version < ""3.10""",group:test,0
pyproject.toml,languages/python/project/langchain/libs/langchain/pyproject.toml,langchain-classic,cffi,"cffi; python_version >= ""3.10""",group:test,0
pyproject.toml,languages/python/project/langchain/libs/langchain/pyproject.toml,langchain-classic,freezegun,"freezegun>=1.2.2,<2.0.0",group:test,0
pyproject.toml,languages/python/project/langchain/libs/langchain/pyproject.toml,langchain-classic,responses,"responses>=0.22.0,<1.0.0",group:test,0
pyproject.toml,languages/python/project/langchain/libs/langchain/pyproject.toml,langchain-classic,lark,"lark>=1.1.5,<2.0.0",group:test,0
pyproject.toml,languages/python/project/langchain/libs/langchain/pyproject.toml,langchain-classic,pandas,"pandas>=2.0.0,<3.0.0",group:test,0
pyproject.toml,languages/python/project/langchain/libs/langchain/pyproject.toml,langchain-classic,syrupy,"syrupy>=4.0.2,<6.0.0",group:test,0
pyproject.toml,languages/python/project/langchain/libs/langchain/pyproject.toml,langchain-classic,requests-mock,"requests-mock>=1.11.0,<2.0.0",group:test,0
pyproject.toml,languages/python/project/langchain/libs/langchain/pyproject.toml,langchain-classic,toml,"toml>=0.10.2,<1.0.0",group:test,0
pyproject.toml,languages/python/project/langchain/libs/langchain/pyproject.toml,langchain-classic,packaging,"packaging>=24.2.0,<27.0.0",group:test,0
pyproject.toml,languages/python/project/langchain/libs/langchain/pyproject.toml,langchain-classic,langchain-tests,langchain-tests,group:test,0
pyproject.toml,languages/python/project/langchain/libs/langchain/pyproject.toml,langchain-classic,langchain-core,langchain-core,group:test,0
pyproject.toml,languages/python/project/langchain/libs/langchain/pyproject.toml,langchain-classic,langchain-text-splitters,langchain-text-splitters,group:test,0
pyproject.toml,languages/python/project/langchain/libs/langchain/pyproject.toml,langchain-classic,langchain-openai,langchain-openai,group:test,0
pyproject.toml,languages/python/project/langchain/libs/langchain/pyproject.toml,langchain-classic,vcrpy,"vcrpy>=8.0.0,<9.0.0",group:test_integration,0
pyproject.toml,languages/python/project/langchain/libs/langchain/pyproject.toml,langchain-classic,wrapt,"wrapt>=1.15.0,<3.0.0",group:test_integration,0
pyproject.toml,languages/python/project/langchain/libs/langchain/pyproject.toml,langchain-classic,python-dotenv,"python-dotenv>=1.0.0,<2.0.0",group:test_integration,0
pyproject.toml,languages/python/project/langchain/libs/langchain/pyproject.toml,langchain-classic,cassio,"cassio>=0.1.0,<1.0.0; python_version < '3.14'",group:test_integration,0
pyproject.toml,languages/python/project/langchain/libs/langchain/pyproject.toml,langchain-classic,langchainhub,"langchainhub>=0.1.16,<1.0.0",group:test_integration,0
pyproject.toml,languages/python/project/langchain/libs/langchain/pyproject.toml,langchain-classic,langchain-core,langchain-core,group:test_integration,0
pyproject.toml,languages/python/project/langchain/libs/langchain/pyproject.toml,langchain-classic,langchain-text-splitters,langchain-text-splitters,group:test_integration,0
pyproject.toml,languages/python/project/langchain/libs/langchain/pyproject.toml,langchain-classic,ruff,"ruff>=0.14.11,<0.16.0",group:lint,0
pyproject.toml,languages/python/project/langchain/libs/langchain/pyproject.toml,langchain-classic,cffi,"cffi<1.17.1; python_version < ""3.10""",group:lint,0
pyproject.toml,languages/python/project/langchain/libs/langchain/pyproject.toml,langchain-classic,cffi,"cffi; python_version >= ""3.10""",group:lint,0
pyproject.toml,languages/python/project/langchain/libs/langchain/pyproject.toml,langchain-classic,mypy,"mypy>=1.19.1,<1.20.0",group:typing,0
pyproject.toml,languages/python/project/langchain/libs/langchain/pyproject.toml,langchain-classic,mypy-protobuf,"mypy-protobuf>=3.0.0,<6.0.0",group:typing,0
pyproject.toml,languages/python/project/langchain/libs/langchain/pyproject.toml,langchain-classic,types-pyyaml,"types-pyyaml>=6.0.12.2,<7.0.0.0",group:typing,0
pyproject.toml,languages/python/project/langchain/libs/langchain/pyproject.toml,langchain-classic,types-requests,"types-requests>=2.28.11.5,<3.0.0.0",group:typing,0
pyproject.toml,languages/python/project/langchain/libs/langchain/pyproject.toml,langchain-classic,types-toml,"types-toml>=0.10.8.1,<1.0.0.0",group:typing,0
pyproject.toml,languages/python/project/langchain/libs/langchain/pyproject.toml,langchain-classic,types-redis,"types-redis>=4.3.21.6,<5.0.0.0",group:typing,0
pyproject.toml,languages/python/project/langchain/libs/langchain/pyproject.toml,langchain-classic,types-pytz,"types-pytz>=2023.3.0.0,<2026.0.0.0",group:typing,0
pyproject.toml,languages/python/project/langchain/libs/langchain/pyproject.toml,langchain-classic,types-chardet,"types-chardet>=5.0.4.6,<6.0.0.0",group:typing,0
pyproject.toml,languages/python/project/langchain/libs/langchain/pyproject.toml,langchain-classic,numpy,numpy>=1.26.4; python_version < '3.13',group:typing,0
pyproject.toml,languages/python/project/langchain/libs/langchain/pyproject.toml,langchain-classic,numpy,numpy>=2.1.0; python_version >= '3.13',group:typing,0
pyproject.toml,languages/python/project/langchain/libs/langchain/pyproject.toml,langchain-classic,langchain-core,langchain-core,group:typing,0
pyproject.toml,languages/python/project/langchain/libs/langchain/pyproject.toml,langchain-classic,langchain-text-splitters,langchain-text-splitters,group:typing,0
pyproject.toml,languages/python/project/langchain/libs/langchain/pyproject.toml,langchain-classic,fastapi,"fastapi<1.0.0,>=0.116.1",group:typing,0
pyproject.toml,languages/python/project/langchain/libs/langchain/pyproject.toml,langchain-classic,jupyter,"jupyter>=1.0.0,<2.0.0",group:dev,0
pyproject.toml,languages/python/project/langchain/libs/langchain/pyproject.toml,langchain-classic,playwright,"playwright>=1.28.0,<2.0.0",group:dev,0
pyproject.toml,languages/python/project/langchain/libs/langchain/pyproject.toml,langchain-classic,setuptools,"setuptools>=67.6.1,<83.0.0",group:dev,0
pyproject.toml,languages/python/project/langchain/libs/langchain/pyproject.toml,langchain-classic,langchain-core,langchain-core,group:dev,0
pyproject.toml,languages/python/project/langchain/libs/langchain/pyproject.toml,langchain-classic,langchain-text-splitters,langchain-text-splitters,group:dev,0
pyproject.toml,languages/python/project/langchain/libs/langchain_v1/pyproject.toml,langchain,langchain-core,"langchain-core>=1.2.10,<2.0.0",project,0
pyproject.toml,languages/python/project/langchain/libs/langchain_v1/pyproject.toml,langchain,langgraph,"langgraph>=1.0.8,<1.1.0",project,0
pyproject.toml,languages/python/project/langchain/libs/langchain_v1/pyproject.toml,langchain,pydantic,"pydantic>=2.7.4,<3.0.0",project,0
pyproject.toml,languages/python/project/langchain/libs/langchain_v1/pyproject.toml,langchain,langchain-community,langchain-community,optional:community,0
pyproject.toml,languages/python/project/langchain/libs/langchain_v1/pyproject.toml,langchain,langchain-anthropic,langchain-anthropic,optional:anthropic,0
pyproject.toml,languages/python/project/langchain/libs/langchain_v1/pyproject.toml,langchain,langchain-openai,langchain-openai,optional:openai,0
pyproject.toml,languages/python/project/langchain/libs/langchain_v1/pyproject.toml,langchain,langchain-azure-ai,langchain-azure-ai,optional:azure-ai,0
pyproject.toml,languages/python/project/langchain/libs/langchain_v1/pyproject.toml,langchain,langchain-google-vertexai,langchain-google-vertexai,optional:google-vertexai,0
pyproject.toml,languages/python/project/langchain/libs/langchain_v1/pyproject.toml,langchain,langchain-google-genai,langchain-google-genai,optional:google-genai,0
pyproject.toml,languages/python/project/langchain/libs/langchain_v1/pyproject.toml,langchain,langchain-fireworks,langchain-fireworks,optional:fireworks,0
pyproject.toml,languages/python/project/langchain/libs/langchain_v1/pyproject.toml,langchain,langchain-ollama,langchain-ollama,optional:ollama,0
pyproject.toml,languages/python/project/langchain/libs/langchain_v1/pyproject.toml,langchain,langchain-together,langchain-together,optional:together,0
pyproject.toml,languages/python/project/langchain/libs/langchain_v1/pyproject.toml,langchain,langchain-mistralai,langchain-mistralai,optional:mistralai,0
pyproject.toml,languages/python/project/langchain/libs/langchain_v1/pyproject.toml,langchain,langchain-huggingface,langchain-huggingface,optional:huggingface,0
pyproject.toml,languages/python/project/langchain/libs/langchain_v1/pyproject.toml,langchain,langchain-groq,langchain-groq,optional:groq,0
pyproject.toml,languages/python/project/langchain/libs/langchain_v1/pyproject.toml,langchain,langchain-aws,langchain-aws,optional:aws,0
pyproject.toml,languages/python/project/langchain/libs/langchain_v1/pyproject.toml,langchain,langchain-deepseek,langchain-deepseek,optional:deepseek,0
pyproject.toml,languages/python/project/langchain/libs/langchain_v1/pyproject.toml,langchain,langchain-xai,langchain-xai,optional:xai,0
pyproject.toml,languages/python/project/langchain/libs/langchain_v1/pyproject.toml,langchain,langchain-perplexity,langchain-perplexity,optional:perplexity,0
pyproject.toml,languages/python/project/langchain/libs/langchain_v1/pyproject.toml,langchain,pytest,"pytest>=8.0.0,<10.0.0",group:test,0
pyproject.toml,languages/python/project/langchain/libs/langchain_v1/pyproject.toml,langchain,pytest-cov,"pytest-cov>=4.0.0,<8.0.0",group:test,0
pyproject.toml,languages/python/project/langchain/libs/langchain_v1/pyproject.toml,langchain,pytest-watcher,"pytest-watcher>=0.2.6,<1.0.0",group:test,0
pyproject.toml,languages/python/project/langchain/libs/langchain_v1/pyproject.toml,langchain,pytest-asyncio,"pytest-asyncio>=0.23.2,<2.0.0",group:test,0
pyproject.toml,languages/python/project/langchain/libs/langchain_v1/pyproject.toml,langchain,pytest-socket,"pytest-socket>=0.6.0,<1.0.0",group:test,0
pyproject.toml,languages/python/project/langchain/libs/langchain_v1/pyproject.toml,langchain,pytest-xdist,"pytest-xdist<4.0.0,>=3.6.1",group:test,0
pyproject.toml,languages/python/project/langchain/libs/langchain_v1/pyproject.toml,langchain,pytest-mock,pytest-mock,group:test,0
pyproject.toml,languages/python/project/langchain/libs/langchain_v1/pyproject.toml,langchain,syrupy,"syrupy>=4.0.2,<6.0.0",group:test,0
pyproject.toml,languages/python/project/langchain/libs/langchain_v1/pyproject.toml,langchain,toml,"toml>=0.10.2,<1.0.0",group:test,0
pyproject.toml,languages/python/project/langchain/libs/langchain_v1/pyproject.toml,langchain,blockbuster,"blockbuster>=1.5.26,<1.6.0",group:test,0
pyproject.toml,languages/python/project/langchain/libs/langchain_v1/pyproject.toml,langchain,langchain-tests,langchain-tests,group:test,0
pyproject.toml,languages/python/project/langchain/libs/langchain_v1/pyproject.toml,langchain,langchain-openai,langchain-openai,group:test,0
pyproject.toml,languages/python/project/langchain/libs/langchain_v1/pyproject.toml,langchain,ruff,"ruff>=0.14.11,<0.16.0",group:lint,0
pyproject.toml,languages/python/project/langchain/libs/langchain_v1/pyproject.toml,langchain,mypy,"mypy>=1.19.1,<1.20.0",group:typing,0
pyproject.toml,languages/python/project/langchain/libs/langchain_v1/pyproject.toml,langchain,types-toml,"types-toml>=0.10.8.20240310,<1.0.0.0",group:typing,0
pyproject.toml,languages/python/project/langchain/libs/langchain_v1/pyproject.toml,langchain,vcrpy,"vcrpy>=8.0.0,<9.0.0",group:test_integration,0
pyproject.toml,languages/python/project/langchain/libs/langchain_v1/pyproject.toml,langchain,wrapt,"wrapt>=1.15.0,<3.0.0",group:test_integration,0
pyproject.toml,languages/python/project/langchain/libs/langchain_v1/pyproject.toml,langchain,python-dotenv,"python-dotenv>=1.0.0,<2.0.0",group:test_integration,0
pyproject.toml,languages/python/project/langchain/libs/langchain_v1/pyproject.toml,langchain,langchainhub,"langchainhub>=0.1.16,<1.0.0",group:test_integration,0
pyproject.toml,languages/python/project/langchain/libs/langchain_v1/pyproject.toml,langchain,langchain-core,langchain-core,group:test_integration,0
pyproject.toml,languages/python/project/langchain/libs/langchain_v1/pyproject.toml,langchain,langchain-text-splitters,langchain-text-splitters,group:test_integration,0
pyproject.toml,languages/python/project/langchain/libs/model-profiles/pyproject.toml,langchain-model-profiles,httpx,"httpx>=0.23.0,<1",project,0
pyproject.toml,languages/python/project/langchain/libs/model-profiles/pyproject.toml,langchain-model-profiles,tomli,"tomli>=2.0.0,<3.0.0; python_version < '3.11'",project,0
pyproject.toml,languages/python/project/langchain/libs/model-profiles/pyproject.toml,langchain-model-profiles,typing-extensions,"typing-extensions>=4.7.0,<5.0.0",project,0
pyproject.toml,languages/python/project/langchain/libs/model-profiles/pyproject.toml,langchain-model-profiles,pytest,"pytest>=8.0.0,<10.0.0",group:test,0
pyproject.toml,languages/python/project/langchain/libs/model-profiles/pyproject.toml,langchain-model-profiles,pytest-cov,"pytest-cov>=4.0.0,<8.0.0",group:test,0
pyproject.toml,languages/python/project/langchain/libs/model-profiles/pyproject.toml,langchain-model-profiles,pytest-watcher,"pytest-watcher>=0.2.6,<1.0.0",group:test,0
pyproject.toml,languages/python/project/langchain/libs/model-profiles/pyproject.toml,langchain-model-profiles,pytest-asyncio,"pytest-asyncio>=0.23.2,<2.0.0",group:test,0
pyproject.toml,languages/python/project/langchain/libs/model-profiles/pyproject.toml,langchain-model-profiles,pytest-socket,"pytest-socket>=0.6.0,<1.0.0",group:test,0
pyproject.toml,languages/python/project/langchain/libs/model-profiles/pyproject.toml,langchain-model-profiles,pytest-xdist,"pytest-xdist<4.0.0,>=3.6.1",group:test,0
pyproject.toml,languages/python/project/langchain/libs/model-profiles/pyproject.toml,langchain-model-profiles,pytest-mock,pytest-mock,group:test,0
pyproject.toml,languages/python/project/langchain/libs/model-profiles/pyproject.toml,langchain-model-profiles,syrupy,"syrupy>=4.0.2,<6.0.0",group:test,0
pyproject.toml,languages/python/project/langchain/libs/model-profiles/pyproject.toml,langchain-model-profiles,toml,"toml>=0.10.2,<1.0.0",group:test,0
pyproject.toml,languages/python/project/langchain/libs/model-profiles/pyproject.toml,langchain-model-profiles,langchain,"langchain[openai]>=1.0.2,<2.0.0",group:test,0
pyproject.toml,languages/python/project/langchain/libs/model-profiles/pyproject.toml,langchain-model-profiles,langchain-core,langchain-core,group:test,0
pyproject.toml,languages/python/project/langchain/libs/model-profiles/pyproject.toml,langchain-model-profiles,langchain-core,langchain-core,group:test_integration,0
pyproject.toml,languages/python/project/langchain/libs/model-profiles/pyproject.toml,langchain-model-profiles,ruff,"ruff>=0.12.2,<0.16.0",group:lint,0
pyproject.toml,languages/python/project/langchain/libs/model-profiles/pyproject.toml,langchain-model-profiles,langchain,langchain,group:lint,0
pyproject.toml,languages/python/project/langchain/libs/model-profiles/pyproject.toml,langchain-model-profiles,mypy,"mypy>=1.18.1,<1.20.0",group:typing,0
pyproject.toml,languages/python/project/langchain/libs/model-profiles/pyproject.toml,langchain-model-profiles,types-toml,"types-toml>=0.10.8.20240310,<1.0.0.0",group:typing,0
pyproject.toml,languages/python/project/langchain/libs/standard-tests/pyproject.toml,langchain-tests,langchain-core,"langchain-core>=1.2.7,<2.0.0",project,0
pyproject.toml,languages/python/project/langchain/libs/standard-tests/pyproject.toml,langchain-tests,pytest,"pytest>=7.0.0,<10.0.0",project,0
pyproject.toml,languages/python/project/langchain/libs/standard-tests/pyproject.toml,langchain-tests,pytest-asyncio,"pytest-asyncio>=0.20.0,<2.0.0",project,0
pyproject.toml,languages/python/project/langchain/libs/standard-tests/pyproject.toml,langchain-tests,httpx,"httpx>=0.28.1,<1.0.0",project,0
pyproject.toml,languages/python/project/langchain/libs/standard-tests/pyproject.toml,langchain-tests,syrupy,"syrupy>=4.0.0,<6.0.0",project,0
pyproject.toml,languages/python/project/langchain/libs/standard-tests/pyproject.toml,langchain-tests,pytest-socket,"pytest-socket>=0.7.0,<1.0.0",project,0
pyproject.toml,languages/python/project/langchain/libs/standard-tests/pyproject.toml,langchain-tests,pytest-benchmark,pytest-benchmark,project,0
pyproject.toml,languages/python/project/langchain/libs/standard-tests/pyproject.toml,langchain-tests,pytest-codspeed,pytest-codspeed,project,0
pyproject.toml,languages/python/project/langchain/libs/standard-tests/pyproject.toml,langchain-tests,pytest-recording,pytest-recording,project,0
pyproject.toml,languages/python/project/langchain/libs/standard-tests/pyproject.toml,langchain-tests,vcrpy,"vcrpy>=8.0.0,<9.0.0",project,0
pyproject.toml,languages/python/project/langchain/libs/standard-tests/pyproject.toml,langchain-tests,numpy,numpy>=1.26.2; python_version<'3.13',project,0
pyproject.toml,languages/python/project/langchain/libs/standard-tests/pyproject.toml,langchain-tests,numpy,numpy>=2.1.0; python_version>='3.13',project,0
pyproject.toml,languages/python/project/langchain/libs/standard-tests/pyproject.toml,langchain-tests,langchain-core,langchain-core,group:test,0
pyproject.toml,languages/python/project/langchain/libs/standard-tests/pyproject.toml,langchain-tests,ruff,"ruff>=0.14.11,<0.16.0",group:lint,0
pyproject.toml,languages/python/project/langchain/libs/standard-tests/pyproject.toml,langchain-tests,mypy,"mypy>=1.19.1,<1.20.0",group:typing,0
pyproject.toml,languages/python/project/langchain/libs/standard-tests/pyproject.toml,langchain-tests,types-pyyaml,"types-pyyaml>=6.0.12.2,<7.0.0.0",group:typing,0
pyproject.toml,languages/python/project/langchain/libs/standard-tests/pyproject.toml,langchain-tests,langchain-core,langchain-core,group:typing,0
pyproject.toml,languages/python/project/langchain/libs/text-splitters/pyproject.toml,langchain-text-splitters,langchain-core,"langchain-core>=1.2.0,<2.0.0",project,0
pyproject.toml,languages/python/project/langchain/libs/text-splitters/pyproject.toml,langchain-text-splitters,ruff,"ruff>=0.14.11,<0.16.0",group:lint,0
pyproject.toml,languages/python/project/langchain/libs/text-splitters/pyproject.toml,langchain-text-splitters,langchain-core,langchain-core,group:lint,0
pyproject.toml,languages/python/project/langchain/libs/text-splitters/pyproject.toml,langchain-text-splitters,mypy,"mypy>=1.19.1,<1.20.0",group:typing,0
pyproject.toml,languages/python/project/langchain/libs/text-splitters/pyproject.toml,langchain-text-splitters,lxml-stubs,"lxml-stubs>=0.5.1,<1.0.0",group:typing,0
pyproject.toml,languages/python/project/langchain/libs/text-splitters/pyproject.toml,langchain-text-splitters,types-requests,"types-requests>=2.31.0.20240218,<3.0.0.0",group:typing,0
pyproject.toml,languages/python/project/langchain/libs/text-splitters/pyproject.toml,langchain-text-splitters,tiktoken,"tiktoken>=0.8.0,<1.0.0",group:typing,0
pyproject.toml,languages/python/project/langchain/libs/text-splitters/pyproject.toml,langchain-text-splitters,beautifulsoup4,"beautifulsoup4>=4.13.5,<5.0.0",group:typing,0
pyproject.toml,languages/python/project/langchain/libs/text-splitters/pyproject.toml,langchain-text-splitters,jupyter,"jupyter<2.0.0,>=1.0.0",group:dev,0
pyproject.toml,languages/python/project/langchain/libs/text-splitters/pyproject.toml,langchain-text-splitters,langchain-core,langchain-core,group:dev,0
pyproject.toml,languages/python/project/langchain/libs/text-splitters/pyproject.toml,langchain-text-splitters,pytest,"pytest>=8.0.0,<10.0.0",group:test,0
pyproject.toml,languages/python/project/langchain/libs/text-splitters/pyproject.toml,langchain-text-splitters,freezegun,"freezegun>=1.2.2,<2.0.0",group:test,0
pyproject.toml,languages/python/project/langchain/libs/text-splitters/pyproject.toml,langchain-text-splitters,pytest-mock,"pytest-mock>=3.10.0,<4.0.0",group:test,0
pyproject.toml,languages/python/project/langchain/libs/text-splitters/pyproject.toml,langchain-text-splitters,pytest-watcher,"pytest-watcher>=0.3.4,<1.0.0",group:test,0
pyproject.toml,languages/python/project/langchain/libs/text-splitters/pyproject.toml,langchain-text-splitters,pytest-asyncio,"pytest-asyncio>=0.21.1,<2.0.0",group:test,0
pyproject.toml,languages/python/project/langchain/libs/text-splitters/pyproject.toml,langchain-text-splitters,pytest-socket,"pytest-socket>=0.7.0,<1.0.0",group:test,0
pyproject.toml,languages/python/project/langchain/libs/text-splitters/pyproject.toml,langchain-text-splitters,pytest-xdist,"pytest-xdist<4.0.0,>=3.6.1",group:test,0
pyproject.toml,languages/python/project/langchain/libs/text-splitters/pyproject.toml,langchain-text-splitters,langchain-core,langchain-core,group:test,0
pyproject.toml,languages/python/project/langchain/libs/text-splitters/pyproject.toml,langchain-text-splitters,spacy,"spacy>=3.8.7,<4.0.0; python_version < ""3.14""",group:test_integration,0
pyproject.toml,languages/python/project/langchain/libs/text-splitters/pyproject.toml,langchain-text-splitters,thinc,"thinc>=8.3.6,<10.0.0",group:test_integration,0
pyproject.toml,languages/python/project/langchain/libs/text-splitters/pyproject.toml,langchain-text-splitters,nltk,"nltk>=3.9.1,<4.0.0",group:test_integration,0
pyproject.toml,languages/python/project/langchain/libs/text-splitters/pyproject.toml,langchain-text-splitters,transformers,"transformers>=4.51.3,<6.0.0",group:test_integration,0
pyproject.toml,languages/python/project/langchain/libs/text-splitters/pyproject.toml,langchain-text-splitters,sentence-transformers,"sentence-transformers>=3.0.1,<6.0.0",group:test_integration,0
pyproject.toml,languages/python/project/langchain/libs/text-splitters/pyproject.toml,langchain-text-splitters,scipy,"scipy>=1.7.0,<2.0.0; python_version >= ""3.12"" and python_version < ""3.13""",group:test_integration,0
pyproject.toml,languages/python/project/langchain/libs/text-splitters/pyproject.toml,langchain-text-splitters,scipy,"scipy>=1.14.1,<2.0.0; python_version >= ""3.13""",group:test_integration,0
pyproject.toml,languages/python/project/langchain/libs/text-splitters/pyproject.toml,langchain-text-splitters,tiktoken,"tiktoken>=0.8.0,<1.0.0",group:test_integration,0
pyproject.toml,languages/python/project/langchain/libs/text-splitters/pyproject.toml,langchain-text-splitters,en-core-web-sm,en-core-web-sm,group:test_integration,0
pyproject.toml,languages/python/project/langchain/libs/partners/anthropic/pyproject.toml,langchain-anthropic,anthropic,"anthropic>=0.78.0,<1.0.0",project,0
pyproject.toml,languages/python/project/langchain/libs/partners/anthropic/pyproject.toml,langchain-anthropic,langchain-core,"langchain-core>=1.2.11,<2.0.0",project,0
pyproject.toml,languages/python/project/langchain/libs/partners/anthropic/pyproject.toml,langchain-anthropic,pydantic,"pydantic>=2.7.4,<3.0.0",project,0
pyproject.toml,languages/python/project/langchain/libs/partners/anthropic/pyproject.toml,langchain-anthropic,pytest,"pytest>=7.3.0,<8.0.0",group:test,0
pyproject.toml,languages/python/project/langchain/libs/partners/anthropic/pyproject.toml,langchain-anthropic,blockbuster,"blockbuster>=1.5.5,<1.6",group:test,0
pyproject.toml,languages/python/project/langchain/libs/partners/anthropic/pyproject.toml,langchain-anthropic,freezegun,"freezegun>=1.2.2,<2.0.0",group:test,0
pyproject.toml,languages/python/project/langchain/libs/partners/anthropic/pyproject.toml,langchain-anthropic,pytest-mock,"pytest-mock>=3.10.0,<4.0.0",group:test,0
pyproject.toml,languages/python/project/langchain/libs/partners/anthropic/pyproject.toml,langchain-anthropic,syrupy,"syrupy>=4.0.2,<5.0.0",group:test,0
pyproject.toml,languages/python/project/langchain/libs/partners/anthropic/pyproject.toml,langchain-anthropic,pytest-watcher,"pytest-watcher>=0.3.4,<1.0.0",group:test,0
pyproject.toml,languages/python/project/langchain/libs/partners/anthropic/pyproject.toml,langchain-anthropic,pytest-asyncio,"pytest-asyncio>=0.21.1,<1.0.0",group:test,0
pyproject.toml,languages/python/project/langchain/libs/partners/anthropic/pyproject.toml,langchain-anthropic,defusedxml,"defusedxml>=0.7.1,<1.0.0",group:test,0
pyproject.toml,languages/python/project/langchain/libs/partners/anthropic/pyproject.toml,langchain-anthropic,pytest-retry,"pytest-retry>=1.7.0,<1.8.0",group:test,0
pyproject.toml,languages/python/project/langchain/libs/partners/anthropic/pyproject.toml,langchain-anthropic,pytest-timeout,"pytest-timeout>=2.3.1,<3.0.0",group:test,0
pyproject.toml,languages/python/project/langchain/libs/partners/anthropic/pyproject.toml,langchain-anthropic,pytest-socket,"pytest-socket>=0.7.0,<1.0.0",group:test,0
pyproject.toml,languages/python/project/langchain/libs/partners/anthropic/pyproject.toml,langchain-anthropic,pytest-xdist,"pytest-xdist>=3.8.0,<4.0.0",group:test,0
pyproject.toml,languages/python/project/langchain/libs/partners/anthropic/pyproject.toml,langchain-anthropic,vcrpy,"vcrpy>=8.0.0,<9.0.0",group:test,0
pyproject.toml,languages/python/project/langchain/libs/partners/anthropic/pyproject.toml,langchain-anthropic,langgraph-prebuilt,langgraph-prebuilt>=0.7.0a2,group:test,0
pyproject.toml,languages/python/project/langchain/libs/partners/anthropic/pyproject.toml,langchain-anthropic,langchain-core,langchain-core,group:test,0
pyproject.toml,languages/python/project/langchain/libs/partners/anthropic/pyproject.toml,langchain-anthropic,langchain-tests,langchain-tests,group:test,0
pyproject.toml,languages/python/project/langchain/libs/partners/anthropic/pyproject.toml,langchain-anthropic,langchain,langchain,group:test,0
pyproject.toml,languages/python/project/langchain/libs/partners/anthropic/pyproject.toml,langchain-anthropic,ruff,"ruff>=0.13.1,<0.14.0",group:lint,0
pyproject.toml,languages/python/project/langchain/libs/partners/anthropic/pyproject.toml,langchain-anthropic,langchain-core,langchain-core,group:dev,0
pyproject.toml,languages/python/project/langchain/libs/partners/anthropic/pyproject.toml,langchain-anthropic,requests,"requests>=2.32.3,<3.0.0",group:test_integration,0
pyproject.toml,languages/python/project/langchain/libs/partners/anthropic/pyproject.toml,langchain-anthropic,langchain-core,langchain-core,group:test_integration,0
pyproject.toml,languages/python/project/langchain/libs/partners/anthropic/pyproject.toml,langchain-anthropic,mypy,"mypy>=1.17.1,<2.0.0",group:typing,0
pyproject.toml,languages/python/project/langchain/libs/partners/anthropic/pyproject.toml,langchain-anthropic,types-requests,"types-requests>=2.31.0,<3.0.0",group:typing,0
pyproject.toml,languages/python/project/langchain/libs/partners/anthropic/pyproject.toml,langchain-anthropic,langchain-core,langchain-core,group:typing,0
pyproject.toml,languages/python/project/langchain/libs/partners/chroma/pyproject.toml,langchain-chroma,langchain-core,"langchain-core>=1.1.3,<2.0.0",project,0
pyproject.toml,languages/python/project/langchain/libs/partners/chroma/pyproject.toml,langchain-chroma,numpy,numpy>=1.26.0; python_version < '3.13',project,0
pyproject.toml,languages/python/project/langchain/libs/partners/chroma/pyproject.toml,langchain-chroma,numpy,numpy>=2.1.0; python_version >= '3.13',project,0
pyproject.toml,languages/python/project/langchain/libs/partners/chroma/pyproject.toml,langchain-chroma,chromadb,"chromadb>=1.3.5,<2.0.0",project,0
pyproject.toml,languages/python/project/langchain/libs/partners/chroma/pyproject.toml,langchain-chroma,pytest,"pytest>=7.3.0,<8.0.0",group:test,0
pyproject.toml,languages/python/project/langchain/libs/partners/chroma/pyproject.toml,langchain-chroma,pytest-mock,"pytest-mock>=3.10.0,<4.0.0",group:test,0
pyproject.toml,languages/python/project/langchain/libs/partners/chroma/pyproject.toml,langchain-chroma,pytest-benchmark,pytest-benchmark,group:test,0
pyproject.toml,languages/python/project/langchain/libs/partners/chroma/pyproject.toml,langchain-chroma,pytest-watcher,"pytest-watcher>=0.3.4,<1.0.0",group:test,0
pyproject.toml,languages/python/project/langchain/libs/partners/chroma/pyproject.toml,langchain-chroma,pytest-asyncio,"pytest-asyncio>=0.21.1,<1.0.0",group:test,0
pyproject.toml,languages/python/project/langchain/libs/partners/chroma/pyproject.toml,langchain-chroma,pytest-socket,"pytest-socket>=0.7.0,<1.0.0",group:test,0
pyproject.toml,languages/python/project/langchain/libs/partners/chroma/pyproject.toml,langchain-chroma,freezegun,"freezegun>=1.2.2,<2.0.0",group:test,0
pyproject.toml,languages/python/project/langchain/libs/partners/chroma/pyproject.toml,langchain-chroma,syrupy,"syrupy>=4.0.2,<5.0.0",group:test,0
pyproject.toml,languages/python/project/langchain/libs/partners/chroma/pyproject.toml,langchain-chroma,onnxruntime,"onnxruntime<1.20.0; python_version < ""3.10""",group:test,0
pyproject.toml,languages/python/project/langchain/libs/partners/chroma/pyproject.toml,langchain-chroma,onnxruntime,"onnxruntime; python_version >= ""3.10""",group:test,0
pyproject.toml,languages/python/project/langchain/libs/partners/chroma/pyproject.toml,langchain-chroma,langchain-core,langchain-core,group:test,0
pyproject.toml,languages/python/project/langchain/libs/partners/chroma/pyproject.toml,langchain-chroma,langchain-tests,langchain-tests,group:test,0
pyproject.toml,languages/python/project/langchain/libs/partners/chroma/pyproject.toml,langchain-chroma,ruff,"ruff>=0.13.1,<0.14.0",group:lint,0
pyproject.toml,languages/python/project/langchain/libs/partners/chroma/pyproject.toml,langchain-chroma,onnxruntime,"onnxruntime<1.20; python_version < ""3.10""",group:lint,0
pyproject.toml,languages/python/project/langchain/libs/partners/chroma/pyproject.toml,langchain-chroma,onnxruntime,"onnxruntime; python_version >= ""3.10""",group:lint,0
pyproject.toml,languages/python/project/langchain/libs/partners/chroma/pyproject.toml,langchain-chroma,langchain-core,langchain-core,group:dev,0
pyproject.toml,languages/python/project/langchain/libs/partners/chroma/pyproject.toml,langchain-chroma,mypy,"mypy>=1.10.0,<2.0.0",group:typing,0
pyproject.toml,languages/python/project/langchain/libs/partners/chroma/pyproject.toml,langchain-chroma,types-requests,"types-requests>=2.31.0,<3.0.0",group:typing,0
pyproject.toml,languages/python/project/langchain/libs/partners/chroma/pyproject.toml,langchain-chroma,langchain-core,langchain-core,group:typing,0
pyproject.toml,languages/python/project/langchain/libs/partners/deepseek/pyproject.toml,langchain-deepseek,langchain-core,"langchain-core>=1.1.0,<2.0.0",project,0
pyproject.toml,languages/python/project/langchain/libs/partners/deepseek/pyproject.toml,langchain-deepseek,langchain-openai,"langchain-openai>=1.1.0,<2.0.0",project,0
pyproject.toml,languages/python/project/langchain/libs/partners/deepseek/pyproject.toml,langchain-deepseek,pytest,"pytest>=7.4.3,<8.0.0",group:test,0
pyproject.toml,languages/python/project/langchain/libs/partners/deepseek/pyproject.toml,langchain-deepseek,pytest-asyncio,"pytest-asyncio>=0.23.2,<1.0.0",group:test,0
pyproject.toml,languages/python/project/langchain/libs/partners/deepseek/pyproject.toml,langchain-deepseek,pytest-socket,"pytest-socket>=0.7.0,<1.0.0",group:test,0
pyproject.toml,languages/python/project/langchain/libs/partners/deepseek/pyproject.toml,langchain-deepseek,pytest-watcher,"pytest-watcher>=0.3.4,<1.0.0",group:test,0
pyproject.toml,languages/python/project/langchain/libs/partners/deepseek/pyproject.toml,langchain-deepseek,pytest-timeout,"pytest-timeout>=2.3.1,<3.0.0",group:test,0
pyproject.toml,languages/python/project/langchain/libs/partners/deepseek/pyproject.toml,langchain-deepseek,langchain-tests,langchain-tests,group:test,0
pyproject.toml,languages/python/project/langchain/libs/partners/deepseek/pyproject.toml,langchain-deepseek,langchain-openai,langchain-openai,group:test,0
pyproject.toml,languages/python/project/langchain/libs/partners/deepseek/pyproject.toml,langchain-deepseek,ruff,"ruff>=0.13.1,<0.14.0",group:lint,0
pyproject.toml,languages/python/project/langchain/libs/partners/deepseek/pyproject.toml,langchain-deepseek,mypy,"mypy>=1.10.0,<2.0.0",group:typing,0
pyproject.toml,languages/python/project/langchain/libs/partners/exa/pyproject.toml,langchain-exa,langchain-core,"langchain-core>=1.0.0,<2.0.0",project,0
pyproject.toml,languages/python/project/langchain/libs/partners/exa/pyproject.toml,langchain-exa,exa-py,"exa-py>=1.0.8,<2.0.0",project,0
pyproject.toml,languages/python/project/langchain/libs/partners/exa/pyproject.toml,langchain-exa,pytest,"pytest>=7.3.0,<8.0.0",group:test,0
pyproject.toml,languages/python/project/langchain/libs/partners/exa/pyproject.toml,langchain-exa,pytest-mock,"pytest-mock>=3.10.0,<4.0.0",group:test,0
pyproject.toml,languages/python/project/langchain/libs/partners/exa/pyproject.toml,langchain-exa,pytest-watcher,"pytest-watcher>=0.3.4,<1.0.0",group:test,0
pyproject.toml,languages/python/project/langchain/libs/partners/exa/pyproject.toml,langchain-exa,pytest-asyncio,"pytest-asyncio>=0.21.1,<1.0.0",group:test,0
pyproject.toml,languages/python/project/langchain/libs/partners/exa/pyproject.toml,langchain-exa,pytest-benchmark,pytest-benchmark,group:test,0
pyproject.toml,languages/python/project/langchain/libs/partners/exa/pyproject.toml,langchain-exa,freezegun,"freezegun>=1.2.2,<2.0.0",group:test,0
pyproject.toml,languages/python/project/langchain/libs/partners/exa/pyproject.toml,langchain-exa,syrupy,"syrupy>=4.0.2,<5.0.0",group:test,0
pyproject.toml,languages/python/project/langchain/libs/partners/exa/pyproject.toml,langchain-exa,langchain-core,langchain-core,group:test,0
pyproject.toml,languages/python/project/langchain/libs/partners/exa/pyproject.toml,langchain-exa,langchain-tests,langchain-tests,group:test,0
pyproject.toml,languages/python/project/langchain/libs/partners/exa/pyproject.toml,langchain-exa,ruff,"ruff>=0.13.1,<0.14.0",group:lint,0
pyproject.toml,languages/python/project/langchain/libs/partners/exa/pyproject.toml,langchain-exa,langchain-core,langchain-core,group:dev,0
pyproject.toml,languages/python/project/langchain/libs/partners/exa/pyproject.toml,langchain-exa,mypy,"mypy>=1.10.0,<2.0.0",group:typing,0
pyproject.toml,languages/python/project/langchain/libs/partners/exa/pyproject.toml,langchain-exa,langchain-core,langchain-core,group:typing,0
pyproject.toml,languages/python/project/langchain/libs/partners/fireworks/pyproject.toml,langchain-fireworks,langchain-core,"langchain-core>=1.1.0,<2.0.0",project,0
pyproject.toml,languages/python/project/langchain/libs/partners/fireworks/pyproject.toml,langchain-fireworks,fireworks-ai,"fireworks-ai>=0.13.0,<1.0.0",project,0
pyproject.toml,languages/python/project/langchain/libs/partners/fireworks/pyproject.toml,langchain-fireworks,openai,"openai>=2.0.0,<3.0.0",project,0
pyproject.toml,languages/python/project/langchain/libs/partners/fireworks/pyproject.toml,langchain-fireworks,requests,"requests>=2.0.0,<3.0.0",project,0
pyproject.toml,languages/python/project/langchain/libs/partners/fireworks/pyproject.toml,langchain-fireworks,aiohttp,"aiohttp>=3.9.1,<4.0.0",project,0
pyproject.toml,languages/python/project/langchain/libs/partners/fireworks/pyproject.toml,langchain-fireworks,pytest,"pytest>=7.3.0,<8.0.0",group:test,0
pyproject.toml,languages/python/project/langchain/libs/partners/fireworks/pyproject.toml,langchain-fireworks,freezegun,"freezegun>=1.2.2,<2.0.0",group:test,0
pyproject.toml,languages/python/project/langchain/libs/partners/fireworks/pyproject.toml,langchain-fireworks,pytest-mock,"pytest-mock>=3.10.0,<4.0.0",group:test,0
pyproject.toml,languages/python/project/langchain/libs/partners/fireworks/pyproject.toml,langchain-fireworks,syrupy,"syrupy>=4.0.2,<5.0.0",group:test,0
pyproject.toml,languages/python/project/langchain/libs/partners/fireworks/pyproject.toml,langchain-fireworks,pytest-watcher,"pytest-watcher>=0.3.4,<1.0.0",group:test,0
pyproject.toml,languages/python/project/langchain/libs/partners/fireworks/pyproject.toml,langchain-fireworks,pytest-asyncio,"pytest-asyncio>=0.21.1,<1.0.0",group:test,0
pyproject.toml,languages/python/project/langchain/libs/partners/fireworks/pyproject.toml,langchain-fireworks,pytest-socket,"pytest-socket>=0.7.0,<1.0.0",group:test,0
pyproject.toml,languages/python/project/langchain/libs/partners/fireworks/pyproject.toml,langchain-fireworks,pytest-xdist,"pytest-xdist>=3.8.0,<4.0.0",group:test,0
pyproject.toml,languages/python/project/langchain/libs/partners/fireworks/pyproject.toml,langchain-fireworks,langchain-core,langchain-core,group:test,0
pyproject.toml,languages/python/project/langchain/libs/partners/fireworks/pyproject.toml,langchain-fireworks,langchain-tests,langchain-tests,group:test,0
pyproject.toml,languages/python/project/langchain/libs/partners/fireworks/pyproject.toml,langchain-fireworks,ruff,"ruff>=0.13.1,<0.14.0",group:lint,0
pyproject.toml,languages/python/project/langchain/libs/partners/fireworks/pyproject.toml,langchain-fireworks,langchain-core,langchain-core,group:dev,0
pyproject.toml,languages/python/project/langchain/libs/partners/fireworks/pyproject.toml,langchain-fireworks,mypy,"mypy>=1.10.0,<2.0.0",group:typing,0
pyproject.toml,languages/python/project/langchain/libs/partners/fireworks/pyproject.toml,langchain-fireworks,types-requests,"types-requests>=2.0.0,<3.0.0",group:typing,0
pyproject.toml,languages/python/project/langchain/libs/partners/fireworks/pyproject.toml,langchain-fireworks,langchain-core,langchain-core,group:typing,0
pyproject.toml,languages/python/project/langchain/libs/partners/groq/pyproject.toml,langchain-groq,langchain-core,"langchain-core>=1.2.8,<2.0.0",project,0
pyproject.toml,languages/python/project/langchain/libs/partners/groq/pyproject.toml,langchain-groq,groq,"groq>=0.30.0,<1.0.0",project,0
pyproject.toml,languages/python/project/langchain/libs/partners/groq/pyproject.toml,langchain-groq,pytest,"pytest>=7.3.0,<8.0.0",group:test,0
pyproject.toml,languages/python/project/langchain/libs/partners/groq/pyproject.toml,langchain-groq,pytest-mock,"pytest-mock>=3.10.0,<4.0.0",group:test,0
pyproject.toml,languages/python/project/langchain/libs/partners/groq/pyproject.toml,langchain-groq,pytest-watcher,"pytest-watcher>=0.3.4,<1.0.0",group:test,0
pyproject.toml,languages/python/project/langchain/libs/partners/groq/pyproject.toml,langchain-groq,pytest-asyncio,"pytest-asyncio>=0.21.1,<1.0.0",group:test,0
pyproject.toml,languages/python/project/langchain/libs/partners/groq/pyproject.toml,langchain-groq,pytest-retry,"pytest-retry>=1.7.0,<1.8.0",group:test,0
pyproject.toml,languages/python/project/langchain/libs/partners/groq/pyproject.toml,langchain-groq,langchain-core,langchain-core,group:test,0
pyproject.toml,languages/python/project/langchain/libs/partners/groq/pyproject.toml,langchain-groq,langchain-tests,langchain-tests,group:test,0
pyproject.toml,languages/python/project/langchain/libs/partners/groq/pyproject.toml,langchain-groq,ruff,"ruff>=0.13.1,<0.14.0",group:lint,0
pyproject.toml,languages/python/project/langchain/libs/partners/groq/pyproject.toml,langchain-groq,langchain-core,langchain-core,group:dev,0
pyproject.toml,languages/python/project/langchain/libs/partners/groq/pyproject.toml,langchain-groq,langchain-core,langchain-core,group:test_integration,0
pyproject.toml,languages/python/project/langchain/libs/partners/groq/pyproject.toml,langchain-groq,mypy,"mypy>=1.10.0,<2.0.0",group:typing,0
pyproject.toml,languages/python/project/langchain/libs/partners/groq/pyproject.toml,langchain-groq,langchain-core,langchain-core,group:typing,0
pyproject.toml,languages/python/project/langchain/libs/partners/huggingface/pyproject.toml,langchain-huggingface,langchain-core,"langchain-core>=1.2.0,<2.0.0",project,0
pyproject.toml,languages/python/project/langchain/libs/partners/huggingface/pyproject.toml,langchain-huggingface,tokenizers,"tokenizers>=0.19.1,<1.0.0",project,0
pyproject.toml,languages/python/project/langchain/libs/partners/huggingface/pyproject.toml,langchain-huggingface,huggingface-hub,"huggingface-hub>=0.33.4,<1.0.0",project,0
pyproject.toml,languages/python/project/langchain/libs/partners/huggingface/pyproject.toml,langchain-huggingface,transformers,"transformers>=4.39.0,<5.0.0",optional:full,0
pyproject.toml,languages/python/project/langchain/libs/partners/huggingface/pyproject.toml,langchain-huggingface,sentence-transformers,"sentence-transformers>=2.6.0,<3.0.0",optional:full,0
pyproject.toml,languages/python/project/langchain/libs/partners/huggingface/pyproject.toml,langchain-huggingface,pytest,"pytest>=7.3.0,<8.0.0",group:test,0
pyproject.toml,languages/python/project/langchain/libs/partners/huggingface/pyproject.toml,langchain-huggingface,pytest-asyncio,"pytest-asyncio>=0.21.1,<1.0.0",group:test,0
pyproject.toml,languages/python/project/langchain/libs/partners/huggingface/pyproject.toml,langchain-huggingface,pytest-watcher,"pytest-watcher>=0.3.4,<1.0.0",group:test,0
pyproject.toml,languages/python/project/langchain/libs/partners/huggingface/pyproject.toml,langchain-huggingface,pytest-socket,"pytest-socket>=0.7.0,<1.0.0",group:test,0
pyproject.toml,languages/python/project/langchain/libs/partners/huggingface/pyproject.toml,langchain-huggingface,scipy,"scipy>=1.0.0,<2.0.0; python_version < ""3.12""",group:test,0
pyproject.toml,languages/python/project/langchain/libs/partners/huggingface/pyproject.toml,langchain-huggingface,scipy,"scipy>=1.7.0,<2.0.0; python_version >= ""3.12"" and python_version < ""3.13""",group:test,0
pyproject.toml,languages/python/project/langchain/libs/partners/huggingface/pyproject.toml,langchain-huggingface,scipy,"scipy>=1.14.1,<2.0.0; python_version >= ""3.13""",group:test,0
pyproject.toml,languages/python/project/langchain/libs/partners/huggingface/pyproject.toml,langchain-huggingface,transformers,"transformers>=4.39.0,<5.0.0",group:test,0
pyproject.toml,languages/python/project/langchain/libs/partners/huggingface/pyproject.toml,langchain-huggingface,sentence-transformers,"sentence-transformers>=2.6.0,<3.0.0",group:test,0
pyproject.toml,languages/python/project/langchain/libs/partners/huggingface/pyproject.toml,langchain-huggingface,langchain-core,langchain-core,group:test,0
pyproject.toml,languages/python/project/langchain/libs/partners/huggingface/pyproject.toml,langchain-huggingface,langchain-tests,langchain-tests,group:test,0
pyproject.toml,languages/python/project/langchain/libs/partners/huggingface/pyproject.toml,langchain-huggingface,langchain-community,langchain-community,group:test,0
pyproject.toml,languages/python/project/langchain/libs/partners/huggingface/pyproject.toml,langchain-huggingface,langchain,langchain,group:test,0
pyproject.toml,languages/python/project/langchain/libs/partners/huggingface/pyproject.toml,langchain-huggingface,ruff,"ruff>=0.13.1,<0.14.0",group:lint,0
pyproject.toml,languages/python/project/langchain/libs/partners/huggingface/pyproject.toml,langchain-huggingface,ipykernel,"ipykernel>=6.29.2,<7.0.0",group:dev,0
pyproject.toml,languages/python/project/langchain/libs/partners/huggingface/pyproject.toml,langchain-huggingface,langchain-core,langchain-core,group:dev,0
pyproject.toml,languages/python/project/langchain/libs/partners/huggingface/pyproject.toml,langchain-huggingface,mypy,"mypy>=1.10.0,<2.0.0",group:typing,0
pyproject.toml,languages/python/project/langchain/libs/partners/huggingface/pyproject.toml,langchain-huggingface,langchain-core,langchain-core,group:typing,0
pyproject.toml,languages/python/project/langchain/libs/partners/mistralai/pyproject.toml,langchain-mistralai,langchain-core,"langchain-core>=1.1.0,<2.0.0",project,0
pyproject.toml,languages/python/project/langchain/libs/partners/mistralai/pyproject.toml,langchain-mistralai,tokenizers,"tokenizers>=0.15.1,<1.0.0",project,0
pyproject.toml,languages/python/project/langchain/libs/partners/mistralai/pyproject.toml,langchain-mistralai,httpx,"httpx>=0.25.2,<1.0.0",project,0
pyproject.toml,languages/python/project/langchain/libs/partners/mistralai/pyproject.toml,langchain-mistralai,httpx-sse,"httpx-sse>=0.3.1,<1.0.0",project,0
pyproject.toml,languages/python/project/langchain/libs/partners/mistralai/pyproject.toml,langchain-mistralai,pydantic,"pydantic>=2.0.0,<3.0.0",project,0
pyproject.toml,languages/python/project/langchain/libs/partners/mistralai/pyproject.toml,langchain-mistralai,pytest,"pytest>=7.3.0,<8.0.0",group:test,0
pyproject.toml,languages/python/project/langchain/libs/partners/mistralai/pyproject.toml,langchain-mistralai,pytest-asyncio,"pytest-asyncio>=0.21.1,<1.0.0",group:test,0
pyproject.toml,languages/python/project/langchain/libs/partners/mistralai/pyproject.toml,langchain-mistralai,pytest-watcher,"pytest-watcher>=0.3.4,<1.0.0",group:test,0
pyproject.toml,languages/python/project/langchain/libs/partners/mistralai/pyproject.toml,langchain-mistralai,langchain-core,langchain-core,group:test,0
pyproject.toml,languages/python/project/langchain/libs/partners/mistralai/pyproject.toml,langchain-mistralai,langchain-tests,langchain-tests,group:test,0
pyproject.toml,languages/python/project/langchain/libs/partners/mistralai/pyproject.toml,langchain-mistralai,ruff,"ruff>=0.13.1,<0.14.0",group:lint,0
pyproject.toml,languages/python/project/langchain/libs/partners/mistralai/pyproject.toml,langchain-mistralai,langchain-core,langchain-core,group:dev,0
pyproject.toml,languages/python/project/langchain/libs/partners/mistralai/pyproject.toml,langchain-mistralai,mypy,"mypy>=1.10.0,<2.0.0",group:typing,0
pyproject.toml,languages/python/project/langchain/libs/partners/mistralai/pyproject.toml,langchain-mistralai,langchain-core,langchain-core,group:typing,0
pyproject.toml,languages/python/project/langchain/libs/partners/nomic/pyproject.toml,langchain-nomic,langchain-core,"langchain-core>=1.0.0,<2.0.0",project,0
pyproject.toml,languages/python/project/langchain/libs/partners/nomic/pyproject.toml,langchain-nomic,nomic,"nomic>=3.5.3,<4.0.0",project,0
pyproject.toml,languages/python/project/langchain/libs/partners/nomic/pyproject.toml,langchain-nomic,pillow,"pillow>=10.3.0,<12.0.0",project,0
pyproject.toml,languages/python/project/langchain/libs/partners/nomic/pyproject.toml,langchain-nomic,pytest,"pytest>=7.3.0,<8.0.0",group:test,0
pyproject.toml,languages/python/project/langchain/libs/partners/nomic/pyproject.toml,langchain-nomic,pytest-mock,"pytest-mock>=3.10.0,<4.0.0",group:test,0
pyproject.toml,languages/python/project/langchain/libs/partners/nomic/pyproject.toml,langchain-nomic,pytest-watcher,"pytest-watcher>=0.3.4,<1.0.0",group:test,0
pyproject.toml,languages/python/project/langchain/libs/partners/nomic/pyproject.toml,langchain-nomic,pytest-asyncio,"pytest-asyncio>=0.21.1,<1.0.0",group:test,0
pyproject.toml,languages/python/project/langchain/libs/partners/nomic/pyproject.toml,langchain-nomic,pytest-benchmark,pytest-benchmark,group:test,0
pyproject.toml,languages/python/project/langchain/libs/partners/nomic/pyproject.toml,langchain-nomic,freezegun,"freezegun>=1.2.2,<2.0.0",group:test,0
pyproject.toml,languages/python/project/langchain/libs/partners/nomic/pyproject.toml,langchain-nomic,syrupy,"syrupy>=4.0.2,<5.0.0",group:test,0
pyproject.toml,languages/python/project/langchain/libs/partners/nomic/pyproject.toml,langchain-nomic,langchain-core,langchain-core,group:test,0
pyproject.toml,languages/python/project/langchain/libs/partners/nomic/pyproject.toml,langchain-nomic,langchain-tests,langchain-tests,group:test,0
pyproject.toml,languages/python/project/langchain/libs/partners/nomic/pyproject.toml,langchain-nomic,ruff,"ruff>=0.13.1,<0.14.0",group:lint,0
pyproject.toml,languages/python/project/langchain/libs/partners/nomic/pyproject.toml,langchain-nomic,mypy,"mypy>=1.18.1,<1.19.0",group:typing,0
pyproject.toml,languages/python/project/langchain/libs/partners/nomic/pyproject.toml,langchain-nomic,langchain-core,langchain-core,group:typing,0
pyproject.toml,languages/python/project/langchain/libs/partners/nomic/pyproject.toml,langchain-nomic,langchain-core,langchain-core,group:dev,0
pyproject.toml,languages/python/project/langchain/libs/partners/ollama/pyproject.toml,langchain-ollama,ollama,"ollama>=0.6.0,<1.0.0",project,0
pyproject.toml,languages/python/project/langchain/libs/partners/ollama/pyproject.toml,langchain-ollama,langchain-core,"langchain-core>=1.0.0,<2.0.0",project,0
pyproject.toml,languages/python/project/langchain/libs/partners/ollama/pyproject.toml,langchain-ollama,pytest,"pytest>=8.4.1,<9.0.0",group:test,0
pyproject.toml,languages/python/project/langchain/libs/partners/ollama/pyproject.toml,langchain-ollama,pytest-asyncio,"pytest-asyncio>=0.26.0,<1.0.0",group:test,0
pyproject.toml,languages/python/project/langchain/libs/partners/ollama/pyproject.toml,langchain-ollama,pytest-socket,"pytest-socket>=0.7.0,<1.0.0",group:test,0
pyproject.toml,languages/python/project/langchain/libs/partners/ollama/pyproject.toml,langchain-ollama,pytest-watcher,"pytest-watcher>=0.4.3,<1.0.0",group:test,0
pyproject.toml,languages/python/project/langchain/libs/partners/ollama/pyproject.toml,langchain-ollama,syrupy,"syrupy>=4.9.1,<5.0.0",group:test,0
pyproject.toml,languages/python/project/langchain/libs/partners/ollama/pyproject.toml,langchain-ollama,langchain-core,langchain-core,group:test,0
pyproject.toml,languages/python/project/langchain/libs/partners/ollama/pyproject.toml,langchain-ollama,langchain-tests,langchain-tests,group:test,0
pyproject.toml,languages/python/project/langchain/libs/partners/ollama/pyproject.toml,langchain-ollama,ruff,"ruff>=0.13.1,<0.14.0",group:lint,0
pyproject.toml,languages/python/project/langchain/libs/partners/ollama/pyproject.toml,langchain-ollama,langchain-core,langchain-core,group:dev,0
pyproject.toml,languages/python/project/langchain/libs/partners/ollama/pyproject.toml,langchain-ollama,mypy,"mypy>=1.17.1,<2.0.0",group:typing,0
pyproject.toml,languages/python/project/langchain/libs/partners/ollama/pyproject.toml,langchain-ollama,langchain-core,langchain-core,group:typing,0
pyproject.toml,languages/python/project/langchain/libs/partners/openai/pyproject.toml,langchain-openai,langchain-core,"langchain-core>=1.2.11,<2.0.0",project,0
pyproject.toml,languages/python/project/langchain/libs/partners/openai/pyproject.toml,langchain-openai,openai,"openai>=1.109.1,<3.0.0",project,0
pyproject.toml,languages/python/project/langchain/libs/partners/openai/pyproject.toml,langchain-openai,tiktoken,"tiktoken>=0.7.0,<1.0.0",project,0
pyproject.toml,languages/python/project/langchain/libs/partners/openai/pyproject.toml,langchain-openai,pytest,"pytest>=7.3.0,<8.0.0",group:test,0
pyproject.toml,languages/python/project/langchain/libs/partners/openai/pyproject.toml,langchain-openai,freezegun,"freezegun>=1.2.2,<2.0.0",group:test,0
pyproject.toml,languages/python/project/langchain/libs/partners/openai/pyproject.toml,langchain-openai,pytest-mock,"pytest-mock>=3.10.0,<4.0.0",group:test,0
pyproject.toml,languages/python/project/langchain/libs/partners/openai/pyproject.toml,langchain-openai,syrupy,"syrupy>=4.0.2,<5.0.0",group:test,0
pyproject.toml,languages/python/project/langchain/libs/partners/openai/pyproject.toml,langchain-openai,pytest-watcher,"pytest-watcher>=0.3.4,<1.0.0",group:test,0
pyproject.toml,languages/python/project/langchain/libs/partners/openai/pyproject.toml,langchain-openai,pytest-asyncio,"pytest-asyncio>=0.21.1,<1.0.0",group:test,0
pyproject.toml,languages/python/project/langchain/libs/partners/openai/pyproject.toml,langchain-openai,pytest-cov,"pytest-cov>=4.1.0,<5.0.0",group:test,0
pyproject.toml,languages/python/project/langchain/libs/partners/openai/pyproject.toml,langchain-openai,pytest-retry,"pytest-retry>=1.7.0,<1.8.0",group:test,0
pyproject.toml,languages/python/project/langchain/libs/partners/openai/pyproject.toml,langchain-openai,pytest-socket,"pytest-socket>=0.6.0,<1.0.0",group:test,0
pyproject.toml,languages/python/project/langchain/libs/partners/openai/pyproject.toml,langchain-openai,pytest-xdist,"pytest-xdist>=3.6.1,<4.0.0",group:test,0
pyproject.toml,languages/python/project/langchain/libs/partners/openai/pyproject.toml,langchain-openai,vcrpy,"vcrpy>=8.0.0,<9.0.0",group:test,0
pyproject.toml,languages/python/project/langchain/libs/partners/openai/pyproject.toml,langchain-openai,numpy,numpy>=1.26.4; python_version<'3.13',group:test,0
pyproject.toml,languages/python/project/langchain/libs/partners/openai/pyproject.toml,langchain-openai,numpy,numpy>=2.1.0; python_version>='3.13',group:test,0
pyproject.toml,languages/python/project/langchain/libs/partners/openai/pyproject.toml,langchain-openai,langchain,langchain,group:test,0
pyproject.toml,languages/python/project/langchain/libs/partners/openai/pyproject.toml,langchain-openai,langchain-core,langchain-core,group:test,0
pyproject.toml,languages/python/project/langchain/libs/partners/openai/pyproject.toml,langchain-openai,langchain-tests,langchain-tests,group:test,0
pyproject.toml,languages/python/project/langchain/libs/partners/openai/pyproject.toml,langchain-openai,ruff,"ruff>=0.13.1,<0.14.0",group:lint,0
pyproject.toml,languages/python/project/langchain/libs/partners/openai/pyproject.toml,langchain-openai,langchain-core,langchain-core,group:dev,0
pyproject.toml,languages/python/project/langchain/libs/partners/openai/pyproject.toml,langchain-openai,httpx,"httpx>=0.27.0,<1.0.0",group:test_integration,0
pyproject.toml,languages/python/project/langchain/libs/partners/openai/pyproject.toml,langchain-openai,pillow,"pillow>=10.3.0,<12.0.0",group:test_integration,0
pyproject.toml,languages/python/project/langchain/libs/partners/openai/pyproject.toml,langchain-openai,numpy,numpy>=1.26.4; python_version < '3.13',group:test_integration,0
pyproject.toml,languages/python/project/langchain/libs/partners/openai/pyproject.toml,langchain-openai,numpy,numpy>=2.1.0; python_version >= '3.13',group:test_integration,0
pyproject.toml,languages/python/project/langchain/libs/partners/openai/pyproject.toml,langchain-openai,mypy,"mypy>=1.17.1,<2.0.0",group:typing,0
pyproject.toml,languages/python/project/langchain/libs/partners/openai/pyproject.toml,langchain-openai,types-tqdm,"types-tqdm>=4.66.0.5,<5.0.0.0",group:typing,0
pyproject.toml,languages/python/project/langchain/libs/partners/openai/pyproject.toml,langchain-openai,langchain-core,langchain-core,group:typing,0
pyproject.toml,languages/python/project/langchain/libs/partners/perplexity/pyproject.toml,langchain-perplexity,langchain-core,"langchain-core>=1.1.0,<2.0.0",project,0
pyproject.toml,languages/python/project/langchain/libs/partners/perplexity/pyproject.toml,langchain-perplexity,perplexityai,perplexityai>=0.22.0,project,0
pyproject.toml,languages/python/project/langchain/libs/partners/perplexity/pyproject.toml,langchain-perplexity,pytest,"pytest>=7.3.0,<8.0.0",group:test,0
pyproject.toml,languages/python/project/langchain/libs/partners/perplexity/pyproject.toml,langchain-perplexity,freezegun,"freezegun>=1.2.2,<2.0.0",group:test,0
pyproject.toml,languages/python/project/langchain/libs/partners/perplexity/pyproject.toml,langchain-perplexity,pytest-mock,"pytest-mock>=3.10.0,<4.0.0",group:test,0
pyproject.toml,languages/python/project/langchain/libs/partners/perplexity/pyproject.toml,langchain-perplexity,syrupy,"syrupy>=4.0.2,<5.0.0",group:test,0
pyproject.toml,languages/python/project/langchain/libs/partners/perplexity/pyproject.toml,langchain-perplexity,pytest-watcher,"pytest-watcher>=0.3.4,<1.0.0",group:test,0
pyproject.toml,languages/python/project/langchain/libs/partners/perplexity/pyproject.toml,langchain-perplexity,pytest-asyncio,"pytest-asyncio>=0.21.1,<1.0.0",group:test,0
pyproject.toml,languages/python/project/langchain/libs/partners/perplexity/pyproject.toml,langchain-perplexity,pytest-cov,"pytest-cov>=4.1.0,<5.0.0",group:test,0
pyproject.toml,languages/python/project/langchain/libs/partners/perplexity/pyproject.toml,langchain-perplexity,pytest-retry,"pytest-retry>=1.7.0,<1.8.0",group:test,0
pyproject.toml,languages/python/project/langchain/libs/partners/perplexity/pyproject.toml,langchain-perplexity,pytest-socket,"pytest-socket>=0.6.0,<1.0.0",group:test,0
pyproject.toml,languages/python/project/langchain/libs/partners/perplexity/pyproject.toml,langchain-perplexity,pytest-xdist,"pytest-xdist>=3.6.1,<4.0.0",group:test,0
pyproject.toml,languages/python/project/langchain/libs/partners/perplexity/pyproject.toml,langchain-perplexity,langchain-core,langchain-core,group:test,0
pyproject.toml,languages/python/project/langchain/libs/partners/perplexity/pyproject.toml,langchain-perplexity,langchain-tests,langchain-tests,group:test,0
pyproject.toml,languages/python/project/langchain/libs/partners/perplexity/pyproject.toml,langchain-perplexity,ruff,"ruff>=0.13.1,<0.14.0",group:lint,0
pyproject.toml,languages/python/project/langchain/libs/partners/perplexity/pyproject.toml,langchain-perplexity,langchain-core,langchain-core,group:dev,0
pyproject.toml,languages/python/project/langchain/libs/partners/perplexity/pyproject.toml,langchain-perplexity,httpx,"httpx>=0.27.0,<1.0.0",group:test_integration,0
pyproject.toml,languages/python/project/langchain/libs/partners/perplexity/pyproject.toml,langchain-perplexity,pillow,"pillow>=10.3.0,<12.0.0",group:test_integration,0
pyproject.toml,languages/python/project/langchain/libs/partners/perplexity/pyproject.toml,langchain-perplexity,mypy,"mypy>=1.10.0,<2.0.0",group:typing,0
pyproject.toml,languages/python/project/langchain/libs/partners/perplexity/pyproject.toml,langchain-perplexity,types-tqdm,"types-tqdm>=4.66.0.5,<5.0.0.0",group:typing,0
pyproject.toml,languages/python/project/langchain/libs/partners/perplexity/pyproject.toml,langchain-perplexity,langchain-core,langchain-core,group:typing,0
pyproject.toml,languages/python/project/langchain/libs/partners/qdrant/pyproject.toml,langchain-qdrant,qdrant-client,"qdrant-client>=1.15.1,<2.0.0",project,0
pyproject.toml,languages/python/project/langchain/libs/partners/qdrant/pyproject.toml,langchain-qdrant,pydantic,"pydantic>=2.7.4,<3.0.0",project,0
pyproject.toml,languages/python/project/langchain/libs/partners/qdrant/pyproject.toml,langchain-qdrant,langchain-core,"langchain-core>=1.0.0,<2.0.0",project,0
pyproject.toml,languages/python/project/langchain/libs/partners/qdrant/pyproject.toml,langchain-qdrant,fastembed,"fastembed>=0.3.3,<1.0.0; python_version < ""3.13"" and python_version >= ""3.9""",optional:fastembed,0
pyproject.toml,languages/python/project/langchain/libs/partners/qdrant/pyproject.toml,langchain-qdrant,pytest,"pytest>=7.3.0,<8.0.0",group:test,0
pyproject.toml,languages/python/project/langchain/libs/partners/qdrant/pyproject.toml,langchain-qdrant,pytest-mock,"pytest-mock>=3.10.0,<4.0.0",group:test,0
pyproject.toml,languages/python/project/langchain/libs/partners/qdrant/pyproject.toml,langchain-qdrant,pytest-watcher,"pytest-watcher>=0.3.4,<1.0.0",group:test,0
pyproject.toml,languages/python/project/langchain/libs/partners/qdrant/pyproject.toml,langchain-qdrant,pytest-asyncio,"pytest-asyncio>=0.21.1,<1.0.0",group:test,0
pyproject.toml,languages/python/project/langchain/libs/partners/qdrant/pyproject.toml,langchain-qdrant,pytest-socket,"pytest-socket>=0.7.0,<1.0.0",group:test,0
pyproject.toml,languages/python/project/langchain/libs/partners/qdrant/pyproject.toml,langchain-qdrant,pytest-benchmark,pytest-benchmark,group:test,0
pyproject.toml,languages/python/project/langchain/libs/partners/qdrant/pyproject.toml,langchain-qdrant,freezegun,"freezegun>=1.2.2,<2.0.0",group:test,0
pyproject.toml,languages/python/project/langchain/libs/partners/qdrant/pyproject.toml,langchain-qdrant,syrupy,"syrupy>=4.0.2,<5.0.0",group:test,0
pyproject.toml,languages/python/project/langchain/libs/partners/qdrant/pyproject.toml,langchain-qdrant,requests,"requests>=2.31.0,<3.0.0",group:test,0
pyproject.toml,languages/python/project/langchain/libs/partners/qdrant/pyproject.toml,langchain-qdrant,langchain-core,langchain-core,group:test,0
pyproject.toml,languages/python/project/langchain/libs/partners/qdrant/pyproject.toml,langchain-qdrant,langchain-tests,langchain-tests,group:test,0
pyproject.toml,languages/python/project/langchain/libs/partners/qdrant/pyproject.toml,langchain-qdrant,ruff,"ruff>=0.13.1,<0.14.0",group:lint,0
pyproject.toml,languages/python/project/langchain/libs/partners/qdrant/pyproject.toml,langchain-qdrant,langchain-core,langchain-core,group:dev,0
pyproject.toml,languages/python/project/langchain/libs/partners/qdrant/pyproject.toml,langchain-qdrant,mypy,"mypy>=1.10.0,<2.0.0",group:typing,0
pyproject.toml,languages/python/project/langchain/libs/partners/qdrant/pyproject.toml,langchain-qdrant,simsimd,"simsimd>=6.0.0,<7.0.0",group:typing,0
pyproject.toml,languages/python/project/langchain/libs/partners/qdrant/pyproject.toml,langchain-qdrant,langchain-core,langchain-core,group:typing,0
pyproject.toml,languages/python/project/langchain/libs/partners/xai/pyproject.toml,langchain-xai,langchain-openai,"langchain-openai>=1.1.7,<2.0.0",project,0
pyproject.toml,languages/python/project/langchain/libs/partners/xai/pyproject.toml,langchain-xai,langchain-core,"langchain-core>=1.2.7,<2.0.0",project,0
pyproject.toml,languages/python/project/langchain/libs/partners/xai/pyproject.toml,langchain-xai,requests,"requests>=2.0.0,<3.0.0",project,0
pyproject.toml,languages/python/project/langchain/libs/partners/xai/pyproject.toml,langchain-xai,aiohttp,"aiohttp>=3.9.1,<4.0.0",project,0
pyproject.toml,languages/python/project/langchain/libs/partners/xai/pyproject.toml,langchain-xai,pytest,"pytest>=7.3.0,<8.0.0",group:test,0
pyproject.toml,languages/python/project/langchain/libs/partners/xai/pyproject.toml,langchain-xai,pytest-mock,"pytest-mock>=3.10.0,<4.0.0",group:test,0
pyproject.toml,languages/python/project/langchain/libs/partners/xai/pyproject.toml,langchain-xai,pytest-watcher,"pytest-watcher>=0.3.4,<1.0.0",group:test,0
pyproject.toml,languages/python/project/langchain/libs/partners/xai/pyproject.toml,langchain-xai,pytest-asyncio,"pytest-asyncio>=0.21.1,<1.0.0",group:test,0
pyproject.toml,languages/python/project/langchain/libs/partners/xai/pyproject.toml,langchain-xai,pytest-socket,"pytest-socket>=0.7.0,<1.0.0",group:test,0
pyproject.toml,languages/python/project/langchain/libs/partners/xai/pyproject.toml,langchain-xai,docarray,"docarray>=0.32.1,<1.0.0",group:test,0
pyproject.toml,languages/python/project/langchain/libs/partners/xai/pyproject.toml,langchain-xai,freezegun,"freezegun>=1.2.2,<2.0.0",group:test,0
pyproject.toml,languages/python/project/langchain/libs/partners/xai/pyproject.toml,langchain-xai,syrupy,"syrupy>=4.0.2,<5.0.0",group:test,0
pyproject.toml,languages/python/project/langchain/libs/partners/xai/pyproject.toml,langchain-xai,langchain-openai,langchain-openai,group:test,0
pyproject.toml,languages/python/project/langchain/libs/partners/xai/pyproject.toml,langchain-xai,langchain-core,langchain-core,group:test,0
pyproject.toml,languages/python/project/langchain/libs/partners/xai/pyproject.toml,langchain-xai,langchain-tests,langchain-tests,group:test,0
pyproject.toml,languages/python/project/langchain/libs/partners/xai/pyproject.toml,langchain-xai,ruff,"ruff>=0.13.1,<0.14.0",group:lint,0
pyproject.toml,languages/python/project/langchain/libs/partners/xai/pyproject.toml,langchain-xai,mypy,"mypy>=1.10.0,<2.0.0",group:typing,0
pyproject.toml,languages/python/project/langchain/libs/partners/xai/pyproject.toml,langchain-xai,types-requests,"types-requests>=2.0.0,<3.0.0",group:typing,0
pyproject.toml,languages/python/project/langchain/libs/partners/xai/pyproject.toml,langchain-xai,langchain-core,langchain-core,group:typing,0
pyproject.toml,languages/python/project/langchain/libs/partners/xai/pyproject.toml,langchain-xai,langchain-core,langchain-core,group:dev,0
